lead_id_hash,click_id_hash,sales_owner_id_hash,channel,lead_source,created_at,lead_stage
p13_lead_001,p13_clk_001,p13_owner_01,短视频自然流量,内容点击,2026-08-31 10:12:00,已分配
p13_lead_002,p13_clk_002,p13_owner_02,短视频自然流量,内容点击,2026-08-31 15:10:00,已转化
p13_lead_003,p13_clk_003,p13_owner_03,信息流广告,落地页,2026-08-31 20:15:00,跟进中
p13_lead_004,p13_clk_004,p13_owner_01,直播承接,直播留资,2026-09-01 10:55:00,已转化
p13_lead_005,p13_clk_005,p13_owner_02,短视频自然流量,内容点击,2026-09-01 15:10:00,跟进中
p13_lead_006,p13_clk_006,p13_owner_03,直播承接,直播留资,2026-09-01 20:50:00,已转化
p13_lead_007,p13_clk_007,p13_owner_01,社群转介绍,社群,2026-09-02 10:25:00,已分配
p13_lead_008,p13_clk_008,p13_owner_02,直播承接,直播留资,2026-09-02 15:20:00,已转化
p13_lead_009,p13_clk_009,p13_owner_03,信息流广告,落地页,2026-09-02 20:25:00,无效
p13_lead_010,p13_clk_010,p13_owner_01,短视频自然流量,内容点击,2026-09-03 10:10:00,跟进中
p13_lead_011,p13_clk_011,p13_owner_02,社群转介绍,社群,2026-09-03 15:15:00,已转化
p13_lead_012,p13_clk_012,p13_owner_03,直播承接,直播留资,2026-09-03 19:30:00,无效
p13_lead_013,p13_clk_013,p13_owner_01,短视频自然流量,内容点击,2026-09-04 10:15:00,已转化
p13_lead_014,p13_clk_014,p13_owner_02,信息流广告,落地页,2026-09-04 15:20:00,已转化
p13_lead_015,p13_clk_015,p13_owner_03,直播承接,直播留资,2026-09-04 20:25:00,已转化
p13_lead_016,p13_clk_016,p13_owner_01,短视频自然流量,内容点击,2026-09-05 10:20:00,跟进中
p13_lead_017,p13_clk_017,p13_owner_02,社群转介绍,社群,2026-09-05 15:25:00,已分配
p13_lead_018,p13_clk_018,p13_owner_03,直播承接,直播留资,2026-09-05 20:30:00,已转化
