用户ID,直播场次,直播标题,是否到课,是否完课,是否访问课程商品,是否领取优惠券,是否发起支付,是否购买课程,是否观看回放,直播观看时长,邀请人,线索渠道,是否新用户,预约时间
p13_lead_001,1301,第13期课程·开营诊断,是,是,是,是,是,是,否,01:08:00,p13_owner_01,视频号,新用户,2026-09-03 08:00:00
p13_lead_002,1301,第13期课程·开营诊断,是,是,是,是,是,否,否,00:56:00,p13_owner_02,视频号,新用户,2026-09-03 08:07:00
p13_lead_003,1301,第13期课程·开营诊断,是,是,是,否,否,否,否,00:49:00,p13_owner_03,信息流,新用户,2026-09-03 08:14:00
p13_lead_004,1301,第13期课程·开营诊断,是,是,是,是,是,是,否,01:02:00,p13_owner_01,直播,老用户,2026-09-03 08:21:00
p13_lead_005,1301,第13期课程·开营诊断,是,是,否,否,否,否,否,00:44:00,p13_owner_02,视频号,新用户,2026-09-03 09:28:00
p13_lead_006,1301,第13期课程·开营诊断,是,否,是,是,否,否,是,00:35:00,p13_owner_03,直播,新用户,2026-09-03 09:35:00
p13_lead_007,1301,第13期课程·开营诊断,是,否,否,否,否,否,是,00:28:00,p13_owner_01,社群,新用户,2026-09-03 09:42:00
p13_lead_008,1301,第13期课程·开营诊断,否,否,否,否,否,否,是,00:00:00,p13_owner_02,直播,老用户,2026-09-03 09:49:00
p13_lead_009,1301,第13期课程·开营诊断,否,否,是,否,否,否,是,00:00:00,p13_owner_03,信息流,新用户,2026-09-03 10:56:00
p13_lead_010,1301,第13期课程·开营诊断,否,否,否,否,否,否,否,00:00:00,p13_owner_01,视频号,新用户,2026-09-03 10:03:00
p13_lead_011,1301,第13期课程·开营诊断,是,否,否,否,否,否,是,00:23:00,p13_owner_02,社群,新用户,2026-09-03 10:10:00
p13_lead_012,1301,第13期课程·开营诊断,否,否,否,否,否,否,是,00:00:00,p13_owner_03,直播,老用户,2026-09-03 10:17:00
p13_lead_007,1302,第13期课程·转化答疑,是,是,是,是,是,是,否,01:12:00,p13_owner_01,社群,新用户,2026-09-06 08:24:00
p13_lead_008,1302,第13期课程·转化答疑,是,是,是,是,是,是,否,01:05:00,p13_owner_02,直播,老用户,2026-09-06 08:31:00
p13_lead_009,1302,第13期课程·转化答疑,是,是,是,是,否,否,否,00:58:00,p13_owner_03,信息流,新用户,2026-09-06 08:38:00
p13_lead_010,1302,第13期课程·转化答疑,是,是,是,是,是,否,否,00:53:00,p13_owner_01,视频号,新用户,2026-09-06 08:45:00
p13_lead_011,1302,第13期课程·转化答疑,是,是,是,是,是,是,否,01:09:00,p13_owner_02,社群,新用户,2026-09-06 09:52:00
p13_lead_012,1302,第13期课程·转化答疑,是,是,是,否,否,否,否,00:47:00,p13_owner_03,直播,老用户,2026-09-06 09:59:00
p13_lead_013,1302,第13期课程·转化答疑,是,是,是,是,是,是,否,01:01:00,p13_owner_01,视频号,新用户,2026-09-06 09:06:00
p13_lead_014,1302,第13期课程·转化答疑,是,是,是,是,是,是,否,00:55:00,p13_owner_02,信息流,新用户,2026-09-06 09:13:00
p13_lead_015,1302,第13期课程·转化答疑,是,是,是,是,是,是,否,01:03:00,p13_owner_03,直播,新用户,2026-09-06 10:20:00
p13_lead_016,1302,第13期课程·转化答疑,是,是,是,是,是,否,否,00:50:00,p13_owner_01,视频号,老用户,2026-09-06 10:27:00
p13_lead_017,1302,第13期课程·转化答疑,是,否,否,否,否,否,是,00:24:00,p13_owner_02,社群,新用户,2026-09-06 10:34:00
p13_lead_018,1302,第13期课程·转化答疑,是,是,是,是,是,是,否,01:10:00,p13_owner_03,直播,新用户,2026-09-06 10:41:00
