order_id_hash,lead_id_hash,ordered_at,paid_at,paid_amount,order_status
p13_order_001,p13_lead_002,2026-09-01 16:30:00,2026-09-01 16:35:00,899,paid
p13_order_002,p13_lead_004,2026-09-01 12:10:00,2026-09-01 12:15:00,1299,paid
p13_order_003,p13_lead_006,2026-09-01 22:10:00,2026-09-01 22:12:00,1299,completed
p13_order_004,p13_lead_008,2026-09-02 17:20:00,2026-09-02 17:25:00,999,paid
p13_order_005,p13_lead_010,2026-09-04 11:20:00,,899,pending
p13_order_006,p13_lead_011,2026-09-03 17:00:00,2026-09-03 17:05:00,1599,paid
p13_order_007,p13_lead_012,2026-09-03 21:15:00,,699,cancelled
p13_order_008,p13_lead_013,2026-09-04 12:30:00,2026-09-04 12:35:00,1299,paid
p13_order_009,p13_lead_014,2026-09-04 18:00:00,2026-09-04 18:04:00,999,completed
p13_order_010,p13_lead_015,2026-09-04 22:00:00,2026-09-04 22:05:00,899,paid
p13_order_011,p13_lead_016,2026-09-06 13:10:00,,699,pending
p13_order_012,p13_lead_018,2026-09-06 09:30:00,2026-09-06 09:35:00,1299,paid
