lead_id_hash,sales_owner_id_hash,assigned_at,first_followup_at,followup_count,followup_status
p13_lead_001,p13_owner_01,2026-08-31 10:20:00,2026-08-31 11:05:00,3,跟进中
p13_lead_002,p13_owner_02,2026-08-31 15:20:00,2026-08-31 16:05:00,5,已转化
p13_lead_003,p13_owner_03,2026-08-31 20:25:00,2026-09-02 00:30:00,2,待继续
p13_lead_004,p13_owner_01,2026-09-01 11:05:00,2026-09-01 11:30:00,5,已转化
p13_lead_005,p13_owner_02,2026-09-01 15:20:00,2026-09-01 17:10:00,4,跟进中
p13_lead_006,p13_owner_03,2026-09-01 21:00:00,2026-09-01 21:35:00,6,已转化
p13_lead_007,p13_owner_01,2026-09-02 10:35:00,2026-09-03 13:00:00,1,待继续
p13_lead_008,p13_owner_02,2026-09-02 15:30:00,2026-09-02 16:10:00,4,已转化
p13_lead_009,p13_owner_03,2026-09-02 20:35:00,2026-09-02 21:05:00,1,已关闭
p13_lead_010,p13_owner_01,2026-09-03 10:20:00,2026-09-04 08:15:00,3,跟进中
p13_lead_011,p13_owner_02,2026-09-03 15:25:00,2026-09-03 15:50:00,5,已转化
p13_lead_012,p13_owner_03,2026-09-03 19:40:00,2026-09-03 20:10:00,2,已关闭
p13_lead_013,p13_owner_01,2026-09-04 10:25:00,2026-09-04 11:20:00,4,已转化
p13_lead_014,p13_owner_02,2026-09-04 15:30:00,2026-09-04 16:10:00,3,已转化
p13_lead_015,p13_owner_03,2026-09-04 20:35:00,2026-09-04 21:05:00,5,已转化
p13_lead_016,p13_owner_01,2026-09-05 10:30:00,2026-09-06 17:00:00,2,待继续
p13_lead_018,p13_owner_03,2026-09-05 20:40:00,2026-09-06 22:30:00,5,已转化
