content_id_hash,account_id_hash,click_id_hash,published_at,impressions,plays,completions,interactions,clicks
p13_cnt_001,p13_acct_01,p13_clk_001,2026-08-31 09:00:00,12500,8200,3100,680,430
p13_cnt_002,p13_acct_02,p13_clk_002,2026-08-31 14:00:00,16800,11900,5200,980,710
p13_cnt_003,p13_acct_03,p13_clk_003,2026-08-31 19:00:00,9800,5900,1950,450,250
p13_cnt_004,p13_acct_01,p13_clk_004,2026-09-01 09:00:00,23200,17400,8700,1500,1210
p13_cnt_005,p13_acct_02,p13_clk_005,2026-09-01 14:00:00,14300,9200,3600,760,490
p13_cnt_006,p13_acct_03,p13_clk_006,2026-09-01 19:00:00,20500,15100,6900,1270,960
p13_cnt_007,p13_acct_01,p13_clk_007,2026-09-02 09:00:00,11000,6700,2300,520,320
p13_cnt_008,p13_acct_02,p13_clk_008,2026-09-02 14:00:00,24800,18900,9600,1690,1390
p13_cnt_009,p13_acct_03,p13_clk_009,2026-09-02 19:00:00,15600,10500,4200,850,570
p13_cnt_010,p13_acct_01,p13_clk_010,2026-09-03 09:00:00,21800,16300,7600,1420,1080
p13_cnt_011,p13_acct_02,p13_clk_011,2026-09-03 14:00:00,12400,7600,2750,590,360
p13_cnt_012,p13_acct_03,p13_clk_012,2026-09-03 19:00:00,23900,18000,8800,1580,1300
p13_cnt_013,p13_acct_01,p13_clk_013,2026-09-04 09:00:00,13200,8600,3400,700,450
p13_cnt_014,p13_acct_02,p13_clk_014,2026-09-04 14:00:00,19000,13900,6200,1160,880
p13_cnt_015,p13_acct_03,p13_clk_015,2026-09-04 19:00:00,10800,6500,2150,480,290
p13_cnt_016,p13_acct_01,p13_clk_016,2026-09-05 09:00:00,22600,17000,8050,1480,1170
p13_cnt_017,p13_acct_02,p13_clk_017,2026-09-05 14:00:00,14900,9800,3900,800,520
p13_cnt_018,p13_acct_03,p13_clk_018,2026-09-05 19:00:00,25500,19500,10100,1760,1460
